<?xml version="1.0" encoding="UTF-8"?>
<!DOCTYPE article PUBLIC "-//NLM//DTD JATS (Z39.96) Journal Archiving and Interchange DTD with MathML3 v1.1d1 20130915//EN" "JATS-archivearticle1.dtd">
<article xmlns:mml="http://www.w3.org/1998/Math/MathML" xmlns:xlink="http://www.w3.org/1999/xlink" xmlns:xsi="http://www.w3.org/2001/XMLSchema-instance" article-type="research-article" dtd-version="1.1d1" xml:lang="en">
  <front>
    <journal-meta>
      <journal-id journal-id-type="index">Groups Geom. Dyn.</journal-id>
      <journal-id journal-id-type="publisher-id">ems_GGD</journal-id>
      <journal-title-group>
        <journal-title>Groups, Geometry, and Dynamics</journal-title>
        <abbrev-journal-title>Groups Geom. Dyn.</abbrev-journal-title>
      </journal-title-group>
      <issn/>
      <publisher>
        <publisher-name>European Mathematical Society Press</publisher-name>
      </publisher>
    </journal-meta>
    <article-meta>
      <article-id pub-id-type="editflow">221228-Tsang</article-id>
      <article-id pub-id-type="arxiv">2210.13418</article-id>
      <article-categories>
        <subj-group subj-group-type="primary">
          <subject content-type="MSC2020">37D40</subject>
        </subj-group>
        <subj-group subj-group-type="secondary">
          <subject content-type="MSC2020">37E30</subject>
          <subject content-type="MSC2020">57M50</subject>
        </subj-group>
      </article-categories>
      <title-group>
        <article-title>Standardly embedded train tracks and pseudo-Anosov maps with minimum expansion factor</article-title>
        <alt-title alt-title-type="title-at-submission">Standardly embedded train tracks and pseudo-Anosov maps with minimum expansion factor</alt-title>
      </title-group>
      <contrib-group>
        <contrib contrib-type="author">
          <contrib-id contrib-id-type="mr-author-id">322315</contrib-id>
          <name>
            <surname>Hironaka</surname>
            <given-names>Eriko</given-names>
          </name>
          <name-alternatives>
            <string-name>Eriko Hironaka</string-name>
          </name-alternatives>
          <address>
            <institution>Department of Mathematics, Florida State University</institution>
            <addr-line>208 Love Building, 1017 Academic Way</addr-line>
            <addr-line>Tallahassee, FL 32301-4510</addr-line>
            <country>United States</country>
          </address>
          <email>hironaka@math.fsu.edu</email>
          <aff content-type="affiliation-at-submission">
            <institution>Florida State University</institution>
            <country>United States</country>
          </aff>
          <aff content-type="affiliation-at-upload">
            <institution>Florida State University</institution>
            <country>United States</country>
          </aff>
        </contrib>
        <contrib contrib-type="author" corresp="yes">
          <contrib-id contrib-id-type="orcid">0000-0003-4886-6332</contrib-id>
          <contrib-id contrib-id-type="mr-author-id">1312836</contrib-id>
          <name>
            <surname>Tsang</surname>
            <given-names>Chi Cheuk</given-names>
          </name>
          <name-alternatives>
            <string-name>Chi Cheuk Tsang</string-name>
          </name-alternatives>
          <address>
            <institution>Department of Mathematics, University of California, Berkeley</institution>
            <addr-line>970 Evans Hall #3840</addr-line>
            <addr-line>Berkeley, CA 94720-3840</addr-line>
            <country>United States</country>
          </address>
          <email>chicheuk@math.berkeley.edu</email>
          <uri>https://math.berkeley.edu/~chicheuk/</uri>
          <aff content-type="affiliation-at-submission">
            <institution>University of California, Berkeley</institution>
            <country>United States</country>
          </aff>
          <aff content-type="affiliation-at-upload">
            <institution>University of California, Berkeley</institution>
            <country>United States</country>
          </aff>
        </contrib>
      </contrib-group>
      <contrib-group>
        <contrib contrib-type="handling-editor">
          <contrib-id contrib-id-type="mr-author-id">36095</contrib-id>
          <name>
            <surname>Bestvina</surname>
            <given-names>Mladen F.</given-names>
          </name>
          <name-alternatives>
            <string-name>Mladen Bestvina</string-name>
          </name-alternatives>
          <address>
            <institution>Department of Mathematics, University of Utah</institution>
            <addr-line>155 South 1400 East, JWB 233</addr-line>
            <addr-line>Salt Lake City, UT 84112-0090</addr-line>
            <country>United States</country>
          </address>
          <email>bestvina@gmail.com</email>
          <uri>http://www.math.utah.edu/~bestvina/</uri>
        </contrib>
      </contrib-group>
      <history>
        <date date-type="submitted" iso-8601-date="2022-12-28">
          <day>28</day>
          <month>12</month>
          <year>2022</year>
        </date>
        <date date-type="revised" iso-8601-date="2023-09-27" specific-use="after request for revision">
          <day>27</day>
          <month>09</month>
          <year>2023</year>
        </date>
        <date date-type="decision" iso-8601-date="2023-12-12">
          <day>12</day>
          <month>12</month>
          <year>2023</year>
        </date>
      </history>
      <abstract>
        <p>We show that given a fully-punctured pseudo-Anosov map $f:S \to S$ whose punctures lie in at least two orbits under the action of $f$, the expansion factor $\lambda(f)$ satisfies the inequality $\lambda(f)^{|\chi(S)|} \ge \mu^4 \approx 6.85408$, where $\mu = \frac{1 + \sqrt{5}}{2} \approx 1.61803$ is the golden ratio. The proof involves a study of standardly embedded train tracks, and the Thurston symplectic form defined on their weight space.</p>
      </abstract>
      <kwd-group kwd-group-type="author-supplied">
        <kwd>Pseudo-Anosov maps, expansion factor, fully-punctured, train tracks, standardly embedded, Thurston symplectic form</kwd>
      </kwd-group>
      <counts>
        <page-count count="52"/>
      </counts>
    </article-meta>
  </front>
</article>
